Dates,Ann√©e,Mois,Anomalies
1850-01-01,1850,0,-0.7
1850-02-01,1850,1,-0.286
1850-03-01,1850,2,-0.732
1850-04-01,1850,3,-0.563
1850-05-01,1850,4,-0.327
1850-06-01,1850,5,-0.213
1850-07-01,1850,6,-0.125
1850-08-01,1850,7,-0.237
1850-09-01,1850,8,-0.439
1850-10-01,1850,9,-0.451
1850-11-01,1850,10,-0.187
1850-12-01,1850,11,-0.257
1851-01-01,1851,0,-0.296
1851-02-01,1851,1,-0.356
1851-03-01,1851,2,-0.479
1851-04-01,1851,3,-0.441
1851-05-01,1851,4,-0.295
1851-06-01,1851,5,-0.197
1851-07-01,1851,6,-0.212
1851-08-01,1851,7,-0.157
1851-09-01,1851,8,-0.101
1851-10-01,1851,9,-0.057
1851-11-01,1851,10,-0.02
1851-12-01,1851,11,-0.051
1852-01-01,1852,0,-0.315
1852-02-01,1852,1,-0.477
1852-03-01,1852,2,-0.502
1852-04-01,1852,3,-0.557
1852-05-01,1852,4,-0.211
1852-06-01,1852,5,-0.04
1852-07-01,1852,6,-0.018
1852-08-01,1852,7,-0.202
1852-09-01,1852,8,-0.125
1852-10-01,1852,9,-0.216
1852-11-01,1852,10,-0.193
1852-12-01,1852,11,0.073
1853-01-01,1853,0,-0.182
1853-02-01,1853,1,-0.327
1853-03-01,1853,2,-0.309
1853-04-01,1853,3,-0.355
1853-05-01,1853,4,-0.268
1853-06-01,1853,5,-0.175
1853-07-01,1853,6,-0.059
1853-08-01,1853,7,-0.148
1853-09-01,1853,8,-0.404
1853-10-01,1853,9,-0.362
1853-11-01,1853,10,-0.255
1853-12-01,1853,11,-0.437
1854-01-01,1854,0,-0.365
1854-02-01,1854,1,-0.282
1854-03-01,1854,2,-0.286
1854-04-01,1854,3,-0.353
1854-05-01,1854,4,-0.233
1854-06-01,1854,5,-0.219
1854-07-01,1854,6,-0.227
1854-08-01,1854,7,-0.167
1854-09-01,1854,8,-0.119
1854-10-01,1854,9,-0.192
1854-11-01,1854,10,-0.367
1854-12-01,1854,11,-0.233
1855-01-01,1855,0,-0.169
1855-02-01,1855,1,-0.401
1855-03-01,1855,2,-0.306
1855-04-01,1855,3,-0.223
1855-05-01,1855,4,-0.338
1855-06-01,1855,5,-0.167
1855-07-01,1855,6,-0.271
1855-08-01,1855,7,-0.163
1855-09-01,1855,8,-0.336
1855-10-01,1855,9,-0.217
1855-11-01,1855,10,-0.214
1855-12-01,1855,11,-0.518
1856-01-01,1856,0,-0.122
1856-02-01,1856,1,-0.376
1856-03-01,1856,2,-0.528
1856-04-01,1856,3,-0.38
1856-05-01,1856,4,-0.129
1856-06-01,1856,5,-0.291
1856-07-01,1856,6,-0.304
1856-08-01,1856,7,-0.309
1856-09-01,1856,8,-0.461
1856-10-01,1856,9,-0.391
1856-11-01,1856,10,-0.608
1856-12-01,1856,11,-0.449
1857-01-01,1857,0,-0.513
1857-02-01,1857,1,-0.345
1857-03-01,1857,2,-0.434
1857-04-01,1857,3,-0.649
1857-05-01,1857,4,-0.57
1857-06-01,1857,5,-0.31
1857-07-01,1857,6,-0.541
1857-08-01,1857,7,-0.329
1857-09-01,1857,8,-0.393
1857-10-01,1857,9,-0.474
1857-11-01,1857,10,-0.668
1857-12-01,1857,11,-0.358
1858-01-01,1858,0,-0.528
1858-02-01,1858,1,-0.708
1858-03-01,1858,2,-0.548
1858-04-01,1858,3,-0.512
1858-05-01,1858,4,-0.653
1858-06-01,1858,5,-0.582
1858-07-01,1858,6,-0.329
1858-08-01,1858,7,-0.278
1858-09-01,1858,8,-0.332
1858-10-01,1858,9,-0.211
1858-11-01,1858,10,-0.643
1858-12-01,1858,11,-0.304
1859-01-01,1859,0,-0.308
1859-02-01,1859,1,-0.189
1859-03-01,1859,2,-0.327
1859-04-01,1859,3,-0.195
1859-05-01,1859,4,-0.307
1859-06-01,1859,5,-0.248
1859-07-01,1859,6,-0.274
1859-08-01,1859,7,-0.1
1859-09-01,1859,8,-0.565
1859-10-01,1859,9,-0.249
1859-11-01,1859,10,-0.315
1859-12-01,1859,11,-0.363
1860-01-01,1860,0,-0.181
1860-02-01,1860,1,-0.426
1860-03-01,1860,2,-0.642
1860-04-01,1860,3,-0.332
1860-05-01,1860,4,-0.293
1860-06-01,1860,5,-0.309
1860-07-01,1860,6,-0.109
1860-08-01,1860,7,-0.182
1860-09-01,1860,8,-0.217
1860-10-01,1860,9,-0.195
1860-11-01,1860,10,-0.515
1860-12-01,1860,11,-0.762
1861-01-01,1861,0,-0.893
1861-02-01,1861,1,-0.508
1861-03-01,1861,2,-0.464
1861-04-01,1861,3,-0.386
1861-05-01,1861,4,-0.768
1861-06-01,1861,5,-0.189
1861-07-01,1861,6,-0.221
1861-08-01,1861,7,-0.094
1861-09-01,1861,8,-0.33
1861-10-01,1861,9,-0.362
1861-11-01,1861,10,-0.417
1861-12-01,1861,11,-0.247
1862-01-01,1862,0,-0.742
1862-02-01,1862,1,-0.78
1862-03-01,1862,2,-0.403
1862-04-01,1862,3,-0.24
1862-05-01,1862,4,-0.225
1862-06-01,1862,5,-0.336
1862-07-01,1862,6,-0.344
1862-08-01,1862,7,-0.7
1862-09-01,1862,8,-0.42
1862-10-01,1862,9,-0.42
1862-11-01,1862,10,-0.766
1862-12-01,1862,11,-0.887
1863-01-01,1863,0,0.122
1863-02-01,1863,1,-0.024
1863-03-01,1863,2,-0.365
1863-04-01,1863,3,-0.244
1863-05-01,1863,4,-0.329
1863-06-01,1863,5,-0.402
1863-07-01,1863,6,-0.423
1863-08-01,1863,7,-0.326
1863-09-01,1863,8,-0.316
1863-10-01,1863,9,-0.384
1863-11-01,1863,10,-0.329
1863-12-01,1863,11,-0.341
1864-01-01,1864,0,-0.941
1864-02-01,1864,1,-0.632
1864-03-01,1864,2,-0.507
1864-04-01,1864,3,-0.548
1864-05-01,1864,4,-0.454
1864-06-01,1864,5,-0.165
1864-07-01,1864,6,-0.159
1864-08-01,1864,7,-0.311
1864-09-01,1864,8,-0.445
1864-10-01,1864,9,-0.706
1864-11-01,1864,10,-0.472
1864-12-01,1864,11,-0.615
1865-01-01,1865,0,-0.101
1865-02-01,1865,1,-0.615
1865-03-01,1865,2,-0.646
1865-04-01,1865,3,-0.236
1865-05-01,1865,4,-0.265
1865-06-01,1865,5,-0.285
1865-07-01,1865,6,-0.136
1865-08-01,1865,7,-0.21
1865-09-01,1865,8,-0.085
1865-10-01,1865,9,-0.27
1865-11-01,1865,10,-0.2
1865-12-01,1865,11,-0.342
1866-01-01,1866,0,0.037
1866-02-01,1866,1,-0.216
1866-03-01,1866,2,-0.596
1866-04-01,1866,3,-0.265
1866-05-01,1866,4,-0.53
1866-06-01,1866,5,0.098
1866-07-01,1866,6,0.018
1866-08-01,1866,7,-0.273
1866-09-01,1866,8,-0.232
1866-10-01,1866,9,-0.425
1866-11-01,1866,10,-0.309
1866-12-01,1866,11,-0.334
1867-01-01,1867,0,-0.313
1867-02-01,1867,1,0.007
1867-03-01,1867,2,-0.714
1867-04-01,1867,3,-0.266
1867-05-01,1867,4,-0.546
1867-06-01,1867,5,-0.304
1867-07-01,1867,6,-0.247
1867-08-01,1867,7,-0.234
1867-09-01,1867,8,-0.103
1867-10-01,1867,9,-0.186
1867-11-01,1867,10,-0.314
1867-12-01,1867,11,-0.628
1868-01-01,1868,0,-0.7
1868-02-01,1868,1,-0.471
1868-03-01,1868,2,-0.079
1868-04-01,1868,3,-0.381
1868-05-01,1868,4,-0.077
1868-06-01,1868,5,-0.178
1868-07-01,1868,6,0.138
1868-08-01,1868,7,-0.041
1868-09-01,1868,8,-0.202
1868-10-01,1868,9,-0.238
1868-11-01,1868,10,-0.505
1868-12-01,1868,11,-0.131
1869-01-01,1869,0,-0.249
1869-02-01,1869,1,0.258
1869-03-01,1869,2,-0.591
1869-04-01,1869,3,-0.221
1869-05-01,1869,4,-0.281
1869-06-01,1869,5,-0.376
1869-07-01,1869,6,-0.293
1869-08-01,1869,7,-0.084
1869-09-01,1869,8,-0.196
1869-10-01,1869,9,-0.417
1869-11-01,1869,10,-0.371
1869-12-01,1869,11,-0.358
1870-01-01,1870,0,-0.082
1870-02-01,1870,1,-0.453
1870-03-01,1870,2,-0.4
1870-04-01,1870,3,-0.206
1870-05-01,1870,4,-0.168
1870-06-01,1870,5,-0.216
1870-07-01,1870,6,0.018
1870-08-01,1870,7,-0.259
1870-09-01,1870,8,-0.264
1870-10-01,1870,9,-0.403
1870-11-01,1870,10,-0.17
1870-12-01,1870,11,-0.72
1871-01-01,1871,0,-0.528
1871-02-01,1871,1,-0.548
1871-03-01,1871,2,0.003
1871-04-01,1871,3,-0.139
1871-05-01,1871,4,-0.309
1871-06-01,1871,5,-0.222
1871-07-01,1871,6,-0.013
1871-08-01,1871,7,-0.221
1871-09-01,1871,8,-0.453
1871-10-01,1871,9,-0.48
1871-11-01,1871,10,-0.538
1871-12-01,1871,11,-0.561
1872-01-01,1872,0,-0.31
1872-02-01,1872,1,-0.405
1872-03-01,1872,2,-0.47
1872-04-01,1872,3,-0.15
1872-05-01,1872,4,-0.041
1872-06-01,1872,5,-0.205
1872-07-01,1872,6,-0.113
1872-08-01,1872,7,-0.027
1872-09-01,1872,8,-0.128
1872-10-01,1872,9,-0.227
1872-11-01,1872,10,-0.244
1872-12-01,1872,11,-0.426
1873-01-01,1873,0,-0.03
1873-02-01,1873,1,-0.344
1873-03-01,1873,2,-0.29
1873-04-01,1873,3,-0.524
1873-05-01,1873,4,-0.412
1873-06-01,1873,5,-0.257
1873-07-01,1873,6,-0.15
1873-08-01,1873,7,-0.159
1873-09-01,1873,8,-0.355
1873-10-01,1873,9,-0.401
1873-11-01,1873,10,-0.464
1873-12-01,1873,11,-0.272
1874-01-01,1874,0,0.063
1874-02-01,1874,1,-0.435
1874-03-01,1874,2,-0.556
1874-04-01,1874,3,-0.504
1874-05-01,1874,4,-0.467
1874-06-01,1874,5,-0.457
1874-07-01,1874,6,-0.169
1874-08-01,1874,7,-0.363
1874-09-01,1874,8,-0.204
1874-10-01,1874,9,-0.433
1874-11-01,1874,10,-0.501
1874-12-01,1874,11,-0.404
1875-01-01,1875,0,-0.571
1875-02-01,1875,1,-0.597
1875-03-01,1875,2,-0.597
1875-04-01,1875,3,-0.466
1875-05-01,1875,4,-0.175
1875-06-01,1875,5,-0.233
1875-07-01,1875,6,-0.299
1875-08-01,1875,7,-0.18
1875-09-01,1875,8,-0.268
1875-10-01,1875,9,-0.363
1875-11-01,1875,10,-0.503
1875-12-01,1875,11,-0.506
1876-01-01,1876,0,-0.315
1876-02-01,1876,1,-0.279
1876-03-01,1876,2,-0.388
1876-04-01,1876,3,-0.298
1876-05-01,1876,4,-0.533
1876-06-01,1876,5,-0.282
1876-07-01,1876,6,-0.137
1876-08-01,1876,7,-0.248
1876-09-01,1876,8,-0.436
1876-10-01,1876,9,-0.388
1876-11-01,1876,10,-0.586
1876-12-01,1876,11,-0.716
1877-01-01,1877,0,-0.327
1877-02-01,1877,1,0.049
1877-03-01,1877,2,-0.28
1877-04-01,1877,3,-0.321
1877-05-01,1877,4,-0.454
1877-06-01,1877,5,-0.092
1877-07-01,1877,6,0.013
1877-08-01,1877,7,0.147
1877-09-01,1877,8,0.028
1877-10-01,1877,9,0.062
1877-11-01,1877,10,0.096
1877-12-01,1877,11,0.17
1878-01-01,1878,0,0.174
1878-02-01,1878,1,0.403
1878-03-01,1878,2,0.343
1878-04-01,1878,3,0.319
1878-05-01,1878,4,-0.082
1878-06-01,1878,5,0.019
1878-07-01,1878,6,-0.049
1878-08-01,1878,7,-0.023
1878-09-01,1878,8,0.017
1878-10-01,1878,9,-0.122
1878-11-01,1878,10,-0.2
1878-12-01,1878,11,-0.356
1879-01-01,1879,0,-0.193
1879-02-01,1879,1,-0.149
1879-03-01,1879,2,-0.094
1879-04-01,1879,3,-0.214
1879-05-01,1879,4,-0.212
1879-06-01,1879,5,-0.27
1879-07-01,1879,6,-0.23
1879-08-01,1879,7,-0.167
1879-09-01,1879,8,-0.215
1879-10-01,1879,9,-0.122
1879-11-01,1879,10,-0.39
1879-12-01,1879,11,-0.515
1880-01-01,1880,0,-0.067
1880-02-01,1880,1,-0.173
1880-03-01,1880,2,-0.104
1880-04-01,1880,3,-0.15
1880-05-01,1880,4,-0.244
1880-06-01,1880,5,-0.307
1880-07-01,1880,6,-0.247
1880-08-01,1880,7,-0.116
1880-09-01,1880,8,-0.235
1880-10-01,1880,9,-0.386
1880-11-01,1880,10,-0.408
1880-12-01,1880,11,-0.294
1881-01-01,1881,0,-0.353
1881-02-01,1881,1,-0.234
1881-03-01,1881,2,-0.181
1881-04-01,1881,3,-0.131
1881-05-01,1881,4,-0.03
1881-06-01,1881,5,-0.23
1881-07-01,1881,6,-0.148
1881-08-01,1881,7,-0.123
1881-09-01,1881,8,-0.24
1881-10-01,1881,9,-0.275
1881-11-01,1881,10,-0.334
1881-12-01,1881,11,-0.13
1882-01-01,1882,0,0.125
1882-02-01,1882,1,-0.008
1882-03-01,1882,2,-0.051
1882-04-01,1882,3,-0.283
1882-05-01,1882,4,-0.372
1882-06-01,1882,5,-0.315
1882-07-01,1882,6,-0.187
1882-08-01,1882,7,-0.221
1882-09-01,1882,8,-0.156
1882-10-01,1882,9,-0.329
1882-11-01,1882,10,-0.312
1882-12-01,1882,11,-0.471
1883-01-01,1883,0,-0.4
1883-02-01,1883,1,-0.321
1883-03-01,1883,2,-0.346
1883-04-01,1883,3,-0.397
1883-05-01,1883,4,-0.256
1883-06-01,1883,5,-0.124
1883-07-01,1883,6,-0.2
1883-08-01,1883,7,-0.21
1883-09-01,1883,8,-0.279
1883-10-01,1883,9,-0.379
1883-11-01,1883,10,-0.312
1883-12-01,1883,11,-0.323
1884-01-01,1884,0,-0.403
1884-02-01,1884,1,-0.217
1884-03-01,1884,2,-0.459
1884-04-01,1884,3,-0.527
1884-05-01,1884,4,-0.396
1884-06-01,1884,5,-0.411
1884-07-01,1884,6,-0.424
1884-08-01,1884,7,-0.413
1884-09-01,1884,8,-0.346
1884-10-01,1884,9,-0.332
1884-11-01,1884,10,-0.567
1884-12-01,1884,11,-0.415
1885-01-01,1885,0,-0.502
1885-02-01,1885,1,-0.412
1885-03-01,1885,2,-0.482
1885-04-01,1885,3,-0.469
1885-05-01,1885,4,-0.518
1885-06-01,1885,5,-0.486
1885-07-01,1885,6,-0.316
1885-08-01,1885,7,-0.505
1885-09-01,1885,8,-0.329
1885-10-01,1885,9,-0.242
1885-11-01,1885,10,-0.262
1885-12-01,1885,11,-0.155
1886-01-01,1886,0,-0.396
1886-02-01,1886,1,-0.47
1886-03-01,1886,2,-0.412
1886-04-01,1886,3,-0.338
1886-05-01,1886,4,-0.188
1886-06-01,1886,5,-0.382
1886-07-01,1886,6,-0.28
1886-08-01,1886,7,-0.335
1886-09-01,1886,8,-0.432
1886-10-01,1886,9,-0.361
1886-11-01,1886,10,-0.423
1886-12-01,1886,11,-0.42
1887-01-01,1887,0,-0.566
1887-02-01,1887,1,-0.556
1887-03-01,1887,2,-0.457
1887-04-01,1887,3,-0.435
1887-05-01,1887,4,-0.355
1887-06-01,1887,5,-0.404
1887-07-01,1887,6,-0.274
1887-08-01,1887,7,-0.362
1887-09-01,1887,8,-0.337
1887-10-01,1887,9,-0.499
1887-11-01,1887,10,-0.404
1887-12-01,1887,11,-0.395
1888-01-01,1888,0,-0.591
1888-02-01,1888,1,-0.44
1888-03-01,1888,2,-0.534
1888-04-01,1888,3,-0.238
1888-05-01,1888,4,-0.347
1888-06-01,1888,5,-0.292
1888-07-01,1888,6,-0.304
1888-08-01,1888,7,-0.278
1888-09-01,1888,8,-0.219
1888-10-01,1888,9,-0.095
1888-11-01,1888,10,-0.194
1888-12-01,1888,11,-0.169
1889-01-01,1889,0,-0.067
1889-02-01,1889,1,-0.082
1889-03-01,1889,2,-0.064
1889-04-01,1889,3,0.01
1889-05-01,1889,4,-0.08
1889-06-01,1889,5,-0.144
1889-07-01,1889,6,-0.191
1889-08-01,1889,7,-0.22
1889-09-01,1889,8,-0.381
1889-10-01,1889,9,-0.298
1889-11-01,1889,10,-0.398
1889-12-01,1889,11,-0.179
1890-01-01,1890,0,-0.329
1890-02-01,1890,1,-0.368
1890-03-01,1890,2,-0.463
1890-04-01,1890,3,-0.324
1890-05-01,1890,4,-0.417
1890-06-01,1890,5,-0.371
1890-07-01,1890,6,-0.405
1890-08-01,1890,7,-0.416
1890-09-01,1890,8,-0.473
1890-10-01,1890,9,-0.498
1890-11-01,1890,10,-0.555
1890-12-01,1890,11,-0.411
1891-01-01,1891,0,-0.512
1891-02-01,1891,1,-0.474
1891-03-01,1891,2,-0.363
1891-04-01,1891,3,-0.358
1891-05-01,1891,4,-0.199
1891-06-01,1891,5,-0.288
1891-07-01,1891,6,-0.323
1891-08-01,1891,7,-0.313
1891-09-01,1891,8,-0.193
1891-10-01,1891,9,-0.322
1891-11-01,1891,10,-0.541
1891-12-01,1891,11,-0.115
1892-01-01,1892,0,-0.398
1892-02-01,1892,1,-0.112
1892-03-01,1892,2,-0.47
1892-04-01,1892,3,-0.484
1892-05-01,1892,4,-0.403
1892-06-01,1892,5,-0.461
1892-07-01,1892,6,-0.526
1892-08-01,1892,7,-0.443
1892-09-01,1892,8,-0.325
1892-10-01,1892,9,-0.441
1892-11-01,1892,10,-0.627
1892-12-01,1892,11,-0.793
1893-01-01,1893,0,-0.974
1893-02-01,1893,1,-0.727
1893-03-01,1893,2,-0.373
1893-04-01,1893,3,-0.567
1893-05-01,1893,4,-0.559
1893-06-01,1893,5,-0.459
1893-07-01,1893,6,-0.277
1893-08-01,1893,7,-0.291
1893-09-01,1893,8,-0.43
1893-10-01,1893,9,-0.274
1893-11-01,1893,10,-0.415
1893-12-01,1893,11,-0.34
1894-01-01,1894,0,-0.465
1894-02-01,1894,1,-0.374
1894-03-01,1894,2,-0.38
1894-04-01,1894,3,-0.388
1894-05-01,1894,4,-0.421
1894-06-01,1894,5,-0.493
1894-07-01,1894,6,-0.315
1894-08-01,1894,7,-0.341
1894-09-01,1894,8,-0.458
1894-10-01,1894,9,-0.444
1894-11-01,1894,10,-0.42
1894-12-01,1894,11,-0.41
1895-01-01,1895,0,-0.497
1895-02-01,1895,1,-0.677
1895-03-01,1895,2,-0.519
1895-04-01,1895,3,-0.405
1895-05-01,1895,4,-0.415
1895-06-01,1895,5,-0.333
1895-07-01,1895,6,-0.348
1895-08-01,1895,7,-0.261
1895-09-01,1895,8,-0.284
1895-10-01,1895,9,-0.337
1895-11-01,1895,10,-0.297
1895-12-01,1895,11,-0.318
1896-01-01,1896,0,-0.219
1896-02-01,1896,1,-0.23
1896-03-01,1896,2,-0.387
1896-04-01,1896,3,-0.352
1896-05-01,1896,4,-0.205
1896-06-01,1896,5,-0.119
1896-07-01,1896,6,-0.112
1896-08-01,1896,7,-0.063
1896-09-01,1896,8,-0.109
1896-10-01,1896,9,-0.123
1896-11-01,1896,10,-0.286
1896-12-01,1896,11,-0.034
1897-01-01,1897,0,-0.203
1897-02-01,1897,1,-0.125
1897-03-01,1897,2,-0.275
1897-04-01,1897,3,-0.076
1897-05-01,1897,4,-0.031
1897-06-01,1897,5,-0.155
1897-07-01,1897,6,-0.157
1897-08-01,1897,7,-0.149
1897-09-01,1897,8,-0.135
1897-10-01,1897,9,-0.258
1897-11-01,1897,10,-0.453
1897-12-01,1897,11,-0.477
1898-01-01,1898,0,-0.085
1898-02-01,1898,1,-0.38
1898-03-01,1898,2,-0.749
1898-04-01,1898,3,-0.573
1898-05-01,1898,4,-0.474
1898-06-01,1898,5,-0.319
1898-07-01,1898,6,-0.377
1898-08-01,1898,7,-0.306
1898-09-01,1898,8,-0.332
1898-10-01,1898,9,-0.556
1898-11-01,1898,10,-0.449
1898-12-01,1898,11,-0.346
1899-01-01,1899,0,-0.208
1899-02-01,1899,1,-0.494
1899-03-01,1899,2,-0.544
1899-04-01,1899,3,-0.351
1899-05-01,1899,4,-0.316
1899-06-01,1899,5,-0.39
1899-07-01,1899,6,-0.275
1899-08-01,1899,7,-0.147
1899-09-01,1899,8,-0.136
1899-10-01,1899,9,-0.188
1899-11-01,1899,10,0.028
1899-12-01,1899,11,-0.45
1900-01-01,1900,0,-0.266
1900-02-01,1900,1,-0.172
1900-03-01,1900,2,-0.285
1900-04-01,1900,3,-0.261
1900-05-01,1900,4,-0.273
1900-06-01,1900,5,-0.18
1900-07-01,1900,6,-0.19
1900-08-01,1900,7,-0.185
1900-09-01,1900,8,-0.23
1900-10-01,1900,9,-0.058
1900-11-01,1900,10,-0.263
1900-12-01,1900,11,-0.075
1901-01-01,1901,0,-0.176
1901-02-01,1901,1,-0.272
1901-03-01,1901,2,-0.236
1901-04-01,1901,3,-0.187
1901-05-01,1901,4,-0.196
1901-06-01,1901,5,-0.146
1901-07-01,1901,6,-0.188
1901-08-01,1901,7,-0.196
1901-09-01,1901,8,-0.343
1901-10-01,1901,9,-0.298
1901-11-01,1901,10,-0.442
1901-12-01,1901,11,-0.428
1902-01-01,1902,0,-0.232
1902-02-01,1902,1,-0.26
1902-03-01,1902,2,-0.398
1902-04-01,1902,3,-0.451
1902-05-01,1902,4,-0.401
1902-06-01,1902,5,-0.424
1902-07-01,1902,6,-0.391
1902-08-01,1902,7,-0.368
1902-09-01,1902,8,-0.361
1902-10-01,1902,9,-0.477
1902-11-01,1902,10,-0.538
1902-12-01,1902,11,-0.526
1903-01-01,1903,0,-0.269
1903-02-01,1903,1,-0.181
1903-03-01,1903,2,-0.358
1903-04-01,1903,3,-0.473
1903-05-01,1903,4,-0.463
1903-06-01,1903,5,-0.537
1903-07-01,1903,6,-0.485
1903-08-01,1903,7,-0.587
1903-09-01,1903,8,-0.518
1903-10-01,1903,9,-0.653
1903-11-01,1903,10,-0.634
1903-12-01,1903,11,-0.604
1904-01-01,1904,0,-0.644
1904-02-01,1904,1,-0.59
1904-03-01,1904,2,-0.661
1904-04-01,1904,3,-0.553
1904-05-01,1904,4,-0.527
1904-06-01,1904,5,-0.522
1904-07-01,1904,6,-0.522
1904-08-01,1904,7,-0.477
1904-09-01,1904,8,-0.478
1904-10-01,1904,9,-0.473
1904-11-01,1904,10,-0.387
1904-12-01,1904,11,-0.407
1905-01-01,1905,0,-0.46
1905-02-01,1905,1,-0.703
1905-03-01,1905,2,-0.462
1905-04-01,1905,3,-0.555
1905-05-01,1905,4,-0.344
1905-06-01,1905,5,-0.314
1905-07-01,1905,6,-0.297
1905-08-01,1905,7,-0.301
1905-09-01,1905,8,-0.313
1905-10-01,1905,9,-0.363
1905-11-01,1905,10,-0.218
1905-12-01,1905,11,-0.199
1906-01-01,1906,0,-0.075
1906-02-01,1906,1,-0.225
1906-03-01,1906,2,-0.284
1906-04-01,1906,3,-0.115
1906-05-01,1906,4,-0.329
1906-06-01,1906,5,-0.287
1906-07-01,1906,6,-0.315
1906-08-01,1906,7,-0.319
1906-09-01,1906,8,-0.385
1906-10-01,1906,9,-0.351
1906-11-01,1906,10,-0.427
1906-12-01,1906,11,-0.283
1907-01-01,1907,0,-0.431
1907-02-01,1907,1,-0.512
1907-03-01,1907,2,-0.338
1907-04-01,1907,3,-0.507
1907-05-01,1907,4,-0.555
1907-06-01,1907,5,-0.524
1907-07-01,1907,6,-0.402
1907-08-01,1907,7,-0.452
1907-09-01,1907,8,-0.405
1907-10-01,1907,9,-0.359
1907-11-01,1907,10,-0.581
1907-12-01,1907,11,-0.525
1908-01-01,1908,0,-0.412
1908-02-01,1908,1,-0.413
1908-03-01,1908,2,-0.636
1908-04-01,1908,3,-0.55
1908-05-01,1908,4,-0.474
1908-06-01,1908,5,-0.472
1908-07-01,1908,6,-0.469
1908-08-01,1908,7,-0.532
1908-09-01,1908,8,-0.454
1908-10-01,1908,9,-0.579
1908-11-01,1908,10,-0.596
1908-12-01,1908,11,-0.568
1909-01-01,1909,0,-0.579
1909-02-01,1909,1,-0.531
1909-03-01,1909,2,-0.69
1909-04-01,1909,3,-0.604
1909-05-01,1909,4,-0.586
1909-06-01,1909,5,-0.512
1909-07-01,1909,6,-0.573
1909-08-01,1909,7,-0.317
1909-09-01,1909,8,-0.398
1909-10-01,1909,9,-0.481
1909-11-01,1909,10,-0.42
1909-12-01,1909,11,-0.591
1910-01-01,1910,0,-0.352
1910-02-01,1910,1,-0.514
1910-03-01,1910,2,-0.487
1910-04-01,1910,3,-0.45
1910-05-01,1910,4,-0.466
1910-06-01,1910,5,-0.482
1910-07-01,1910,6,-0.466
1910-08-01,1910,7,-0.436
1910-09-01,1910,8,-0.441
1910-10-01,1910,9,-0.482
1910-11-01,1910,10,-0.652
1910-12-01,1910,11,-0.666
1911-01-01,1911,0,-0.554
1911-02-01,1911,1,-0.753
1911-03-01,1911,2,-0.701
1911-04-01,1911,3,-0.717
1911-05-01,1911,4,-0.6
1911-06-01,1911,5,-0.567
1911-07-01,1911,6,-0.51
1911-08-01,1911,7,-0.5
1911-09-01,1911,8,-0.511
1911-10-01,1911,9,-0.465
1911-11-01,1911,10,-0.374
1911-12-01,1911,11,-0.293
1912-01-01,1912,0,-0.361
1912-02-01,1912,1,-0.288
1912-03-01,1912,2,-0.385
1912-04-01,1912,3,-0.342
1912-05-01,1912,4,-0.375
1912-06-01,1912,5,-0.312
1912-07-01,1912,6,-0.453
1912-08-01,1912,7,-0.559
1912-09-01,1912,8,-0.557
1912-10-01,1912,9,-0.641
1912-11-01,1912,10,-0.518
1912-12-01,1912,11,-0.484
1913-01-01,1913,0,-0.451
1913-02-01,1913,1,-0.508
1913-03-01,1913,2,-0.537
1913-04-01,1913,3,-0.431
1913-05-01,1913,4,-0.513
1913-06-01,1913,5,-0.505
1913-07-01,1913,6,-0.431
1913-08-01,1913,7,-0.39
1913-09-01,1913,8,-0.426
1913-10-01,1913,9,-0.425
1913-11-01,1913,10,-0.264
1913-12-01,1913,11,-0.232
1914-01-01,1914,0,-0.079
1914-02-01,1914,1,-0.211
1914-03-01,1914,2,-0.326
1914-04-01,1914,3,-0.39
1914-05-01,1914,4,-0.282
1914-06-01,1914,5,-0.281
1914-07-01,1914,6,-0.328
1914-08-01,1914,7,-0.214
1914-09-01,1914,8,-0.255
1914-10-01,1914,9,-0.146
1914-11-01,1914,10,-0.183
1914-12-01,1914,11,-0.249
1915-01-01,1915,0,-0.111
1915-02-01,1915,1,-0.044
1915-03-01,1915,2,-0.187
1915-04-01,1915,3,-0.046
1915-05-01,1915,4,-0.196
1915-06-01,1915,5,-0.215
1915-07-01,1915,6,-0.1
1915-08-01,1915,7,-0.065
1915-09-01,1915,8,-0.128
1915-10-01,1915,9,-0.255
1915-11-01,1915,10,-0.138
1915-12-01,1915,11,-0.253
1916-01-01,1916,0,-0.235
1916-02-01,1916,1,-0.181
1916-03-01,1916,2,-0.406
1916-04-01,1916,3,-0.339
1916-05-01,1916,4,-0.351
1916-06-01,1916,5,-0.472
1916-07-01,1916,6,-0.378
1916-08-01,1916,7,-0.342
1916-09-01,1916,8,-0.335
1916-10-01,1916,9,-0.395
1916-11-01,1916,10,-0.572
1916-12-01,1916,11,-0.629
1917-01-01,1917,0,-0.68
1917-02-01,1917,1,-0.765
1917-03-01,1917,2,-0.832
1917-04-01,1917,3,-0.477
1917-05-01,1917,4,-0.662
1917-06-01,1917,5,-0.357
1917-07-01,1917,6,-0.122
1917-08-01,1917,7,-0.226
1917-09-01,1917,8,-0.125
1917-10-01,1917,9,-0.385
1917-11-01,1917,10,-0.386
1917-12-01,1917,11,-0.635
1918-01-01,1918,0,-0.501
1918-02-01,1918,1,-0.514
1918-03-01,1918,2,-0.445
1918-04-01,1918,3,-0.49
1918-05-01,1918,4,-0.426
1918-06-01,1918,5,-0.329
1918-07-01,1918,6,-0.336
1918-08-01,1918,7,-0.358
1918-09-01,1918,8,-0.243
1918-10-01,1918,9,-0.095
1918-11-01,1918,10,-0.05
1918-12-01,1918,11,-0.232
1919-01-01,1919,0,-0.106
1919-02-01,1919,1,-0.085
1919-03-01,1919,2,-0.306
1919-04-01,1919,3,-0.072
1919-05-01,1919,4,-0.255
1919-06-01,1919,5,-0.252
1919-07-01,1919,6,-0.362
1919-08-01,1919,7,-0.336
1919-09-01,1919,8,-0.239
1919-10-01,1919,9,-0.296
1919-11-01,1919,10,-0.532
1919-12-01,1919,11,-0.46
1920-01-01,1920,0,-0.239
1920-02-01,1920,1,-0.427
1920-03-01,1920,2,-0.119
1920-04-01,1920,3,-0.264
1920-05-01,1920,4,-0.2
1920-06-01,1920,5,-0.211
1920-07-01,1920,6,-0.285
1920-08-01,1920,7,-0.233
1920-09-01,1920,8,-0.139
1920-10-01,1920,9,-0.233
1920-11-01,1920,10,-0.289
1920-12-01,1920,11,-0.358
1921-01-01,1921,0,-0.141
1921-02-01,1921,1,-0.183
1921-03-01,1921,2,-0.249
1921-04-01,1921,3,-0.22
1921-05-01,1921,4,-0.203
1921-06-01,1921,5,-0.121
1921-07-01,1921,6,-0.14
1921-08-01,1921,7,-0.283
1921-09-01,1921,8,-0.165
1921-10-01,1921,9,-0.142
1921-11-01,1921,10,-0.301
1921-12-01,1921,11,-0.147
1922-01-01,1922,0,-0.387
1922-02-01,1922,1,-0.275
1922-03-01,1922,2,-0.267
1922-04-01,1922,3,-0.235
1922-05-01,1922,4,-0.371
1922-06-01,1922,5,-0.324
1922-07-01,1922,6,-0.229
1922-08-01,1922,7,-0.348
1922-09-01,1922,8,-0.282
1922-10-01,1922,9,-0.33
1922-11-01,1922,10,-0.292
1922-12-01,1922,11,-0.308
1923-01-01,1923,0,-0.237
1923-02-01,1923,1,-0.419
1923-03-01,1923,2,-0.412
1923-04-01,1923,3,-0.36
1923-05-01,1923,4,-0.319
1923-06-01,1923,5,-0.243
1923-07-01,1923,6,-0.352
1923-08-01,1923,7,-0.377
1923-09-01,1923,8,-0.327
1923-10-01,1923,9,-0.27
1923-11-01,1923,10,-0.021
1923-12-01,1923,11,-0.014
1924-01-01,1924,0,-0.315
1924-02-01,1924,1,-0.204
1924-03-01,1924,2,-0.271
1924-04-01,1924,3,-0.283
1924-05-01,1924,4,-0.245
1924-06-01,1924,5,-0.214
1924-07-01,1924,6,-0.263
1924-08-01,1924,7,-0.284
1924-09-01,1924,8,-0.284
1924-10-01,1924,9,-0.316
1924-11-01,1924,10,-0.361
1924-12-01,1924,11,-0.53
1925-01-01,1925,0,-0.403
1925-02-01,1925,1,-0.308
1925-03-01,1925,2,-0.23
1925-04-01,1925,3,-0.273
1925-05-01,1925,4,-0.256
1925-06-01,1925,5,-0.257
1925-07-01,1925,6,-0.214
1925-08-01,1925,7,-0.128
1925-09-01,1925,8,-0.191
1925-10-01,1925,9,-0.309
1925-11-01,1925,10,-0.063
1925-12-01,1925,11,0.001
1926-01-01,1926,0,0.086
1926-02-01,1926,1,-0.042
1926-03-01,1926,2,-0.028
1926-04-01,1926,3,-0.176
1926-05-01,1926,4,-0.217
1926-06-01,1926,5,-0.087
1926-07-01,1926,6,-0.239
1926-08-01,1926,7,-0.09
1926-09-01,1926,8,-0.097
1926-10-01,1926,9,-0.088
1926-11-01,1926,10,-0.109
1926-12-01,1926,11,-0.244
1927-01-01,1927,0,-0.261
1927-02-01,1927,1,-0.146
1927-03-01,1927,2,-0.333
1927-04-01,1927,3,-0.258
1927-05-01,1927,4,-0.257
1927-06-01,1927,5,-0.236
1927-07-01,1927,6,-0.147
1927-08-01,1927,7,-0.145
1927-09-01,1927,8,-0.134
1927-10-01,1927,9,-0.038
1927-11-01,1927,10,-0.173
1927-12-01,1927,11,-0.422
1928-01-01,1928,0,-0.054
1928-02-01,1928,1,-0.133
1928-03-01,1928,2,-0.344
1928-04-01,1928,3,-0.251
1928-05-01,1928,4,-0.281
1928-06-01,1928,5,-0.337
1928-07-01,1928,6,-0.166
1928-08-01,1928,7,-0.176
1928-09-01,1928,8,-0.221
1928-10-01,1928,9,-0.161
1928-11-01,1928,10,-0.153
1928-12-01,1928,11,-0.24
1929-01-01,1929,0,-0.487
1929-02-01,1929,1,-0.67
1929-03-01,1929,2,-0.409
1929-04-01,1929,3,-0.389
1929-05-01,1929,4,-0.391
1929-06-01,1929,5,-0.351
1929-07-01,1929,6,-0.358
1929-08-01,1929,7,-0.185
1929-09-01,1929,8,-0.265
1929-10-01,1929,9,-0.176
1929-11-01,1929,10,-0.072
1929-12-01,1929,11,-0.488
1930-01-01,1930,0,-0.327
1930-02-01,1930,1,-0.287
1930-03-01,1930,2,-0.15
1930-04-01,1930,3,-0.201
1930-05-01,1930,4,-0.201
1930-06-01,1930,5,-0.165
1930-07-01,1930,6,-0.122
1930-08-01,1930,7,-0.056
1930-09-01,1930,8,-0.079
1930-10-01,1930,9,-0.089
1930-11-01,1930,10,0.078
1930-12-01,1930,11,-0.079
1931-01-01,1931,0,-0.007
1931-02-01,1931,1,-0.162
1931-03-01,1931,2,-0.123
1931-04-01,1931,3,-0.182
1931-05-01,1931,4,-0.166
1931-06-01,1931,5,-0.04
1931-07-01,1931,6,0.002
1931-08-01,1931,7,-0.054
1931-09-01,1931,8,-0.05
1931-10-01,1931,9,-0.046
1931-11-01,1931,10,-0.153
1931-12-01,1931,11,-0.105
1932-01-01,1932,0,0.157
1932-02-01,1932,1,-0.196
1932-03-01,1932,2,-0.243
1932-04-01,1932,3,-0.069
1932-05-01,1932,4,-0.169
1932-06-01,1932,5,-0.191
1932-07-01,1932,6,-0.128
1932-08-01,1932,7,-0.197
1932-09-01,1932,8,-0.039
1932-10-01,1932,9,-0.176
1932-11-01,1932,10,-0.235
1932-12-01,1932,11,-0.194
1933-01-01,1933,0,-0.295
1933-02-01,1933,1,-0.324
1933-03-01,1933,2,-0.348
1933-04-01,1933,3,-0.222
1933-05-01,1933,4,-0.213
1933-06-01,1933,5,-0.261
1933-07-01,1933,6,-0.185
1933-08-01,1933,7,-0.179
1933-09-01,1933,8,-0.235
1933-10-01,1933,9,-0.204
1933-11-01,1933,10,-0.316
1933-12-01,1933,11,-0.531
1934-01-01,1934,0,-0.225
1934-02-01,1934,1,-0.165
1934-03-01,1934,2,-0.396
1934-04-01,1934,3,-0.25
1934-05-01,1934,4,-0.082
1934-06-01,1934,5,-0.043
1934-07-01,1934,6,-0.068
1934-08-01,1934,7,-0.058
1934-09-01,1934,8,-0.101
1934-10-01,1934,9,-0.091
1934-11-01,1934,10,0.022
1934-12-01,1934,11,-0.142
1935-01-01,1935,0,-0.233
1935-02-01,1935,1,0.101
1935-03-01,1935,2,-0.23
1935-04-01,1935,3,-0.273
1935-05-01,1935,4,-0.245
1935-06-01,1935,5,-0.188
1935-07-01,1935,6,-0.142
1935-08-01,1935,7,-0.154
1935-09-01,1935,8,-0.141
1935-10-01,1935,9,-0.075
1935-11-01,1935,10,-0.308
1935-12-01,1935,11,-0.274
1936-01-01,1936,0,-0.31
1936-02-01,1936,1,-0.365
1936-03-01,1936,2,-0.31
1936-04-01,1936,3,-0.213
1936-05-01,1936,4,-0.16
1936-06-01,1936,5,-0.161
1936-07-01,1936,6,-0.021
1936-08-01,1936,7,-0.045
1936-09-01,1936,8,-0.108
1936-10-01,1936,9,-0.006
1936-11-01,1936,10,-0.071
1936-12-01,1936,11,-0.014
1937-01-01,1937,0,-0.134
1937-02-01,1937,1,0.039
1937-03-01,1937,2,-0.279
1937-04-01,1937,3,-0.135
1937-05-01,1937,4,-0.083
1937-06-01,1937,5,-0.006
1937-07-01,1937,6,0.055
1937-08-01,1937,7,0.085
1937-09-01,1937,8,0.115
1937-10-01,1937,9,0.12
1937-11-01,1937,10,0.002
1937-12-01,1937,11,-0.113
1938-01-01,1938,0,0.013
1938-02-01,1938,1,0.017
1938-03-01,1938,2,0.057
1938-04-01,1938,3,0.077
1938-05-01,1938,4,-0.092
1938-06-01,1938,5,-0.059
1938-07-01,1938,6,-0.044
1938-08-01,1938,7,0.015
1938-09-01,1938,8,0.056
1938-10-01,1938,9,0.141
1938-11-01,1938,10,0.021
1938-12-01,1938,11,-0.296
1939-01-01,1939,0,-0.068
1939-02-01,1939,1,-0.045
1939-03-01,1939,2,-0.271
1939-04-01,1939,3,-0.106
1939-05-01,1939,4,-0.031
1939-06-01,1939,5,0.062
1939-07-01,1939,6,0.047
1939-08-01,1939,7,0.036
1939-09-01,1939,8,-0.081
1939-10-01,1939,9,-0.278
1939-11-01,1939,10,-0.129
1939-12-01,1939,11,0.229
1940-01-01,1940,0,-0.192
1940-02-01,1940,1,-0.043
1940-03-01,1940,2,-0.119
1940-04-01,1940,3,0.047
1940-05-01,1940,4,0.019
1940-06-01,1940,5,0.034
1940-07-01,1940,6,0.145
1940-08-01,1940,7,0.043
1940-09-01,1940,8,0.122
1940-10-01,1940,9,0.011
1940-11-01,1940,10,-0.067
1940-12-01,1940,11,0.161
1941-01-01,1941,0,-0.092
1941-02-01,1941,1,-0.017
1941-03-01,1941,2,-0.136
1941-04-01,1941,3,0.019
1941-05-01,1941,4,-0.022
1941-06-01,1941,5,0.119
1941-07-01,1941,6,0.122
1941-08-01,1941,7,0.024
1941-09-01,1941,8,-0.135
1941-10-01,1941,9,0.216
1941-11-01,1941,10,0.051
1941-12-01,1941,11,0.095
1942-01-01,1942,0,0.206
1942-02-01,1942,1,-0.088
1942-03-01,1942,2,-0.09
1942-04-01,1942,3,-0.065
1942-05-01,1942,4,-0.019
1942-06-01,1942,5,0.034
1942-07-01,1942,6,-0.081
1942-08-01,1942,7,-0.067
1942-09-01,1942,8,0.002
1942-10-01,1942,9,-0.084
1942-11-01,1942,10,-0.066
1942-12-01,1942,11,0.0
1943-01-01,1943,0,-0.214
1943-02-01,1943,1,0.068
1943-03-01,1943,2,-0.204
1943-04-01,1943,3,-0.003
1943-05-01,1943,4,-0.018
1943-06-01,1943,5,-0.096
1943-07-01,1943,6,0.003
1943-08-01,1943,7,-0.009
1943-09-01,1943,8,-0.025
1943-10-01,1943,9,0.229
1943-11-01,1943,10,0.014
1943-12-01,1943,11,0.191
1944-01-01,1944,0,0.281
1944-02-01,1944,1,0.125
1944-03-01,1944,2,0.135
1944-04-01,1944,3,0.046
1944-05-01,1944,4,0.057
1944-06-01,1944,5,0.152
1944-07-01,1944,6,0.22
1944-08-01,1944,7,0.236
1944-09-01,1944,8,0.293
1944-10-01,1944,9,0.209
1944-11-01,1944,10,0.007
1944-12-01,1944,11,-0.034
1945-01-01,1945,0,-0.01
1945-02-01,1945,1,-0.103
1945-03-01,1945,2,-0.048
1945-04-01,1945,3,0.168
1945-05-01,1945,4,-0.108
1945-06-01,1945,5,-0.003
1945-07-01,1945,6,-0.084
1945-08-01,1945,7,0.364
1945-09-01,1945,8,0.161
1945-10-01,1945,9,0.173
1945-11-01,1945,10,-0.012
1945-12-01,1945,11,-0.202
1946-01-01,1946,0,0.096
1946-02-01,1946,1,0.039
1946-03-01,1946,2,-0.062
1946-04-01,1946,3,0.139
1946-05-01,1946,4,-0.11
1946-06-01,1946,5,-0.255
1946-07-01,1946,6,-0.043
1946-08-01,1946,7,-0.147
1946-09-01,1946,8,-0.015
1946-10-01,1946,9,-0.052
1946-11-01,1946,10,-0.094
1946-12-01,1946,11,-0.361
1947-01-01,1947,0,-0.113
1947-02-01,1947,1,-0.174
1947-03-01,1947,2,-0.064
1947-04-01,1947,3,0.089
1947-05-01,1947,4,-0.057
1947-06-01,1947,5,0.004
1947-07-01,1947,6,-0.003
1947-08-01,1947,7,-0.04
1947-09-01,1947,8,-0.068
1947-10-01,1947,9,0.068
1947-11-01,1947,10,0.047
1947-12-01,1947,11,-0.175
1948-01-01,1948,0,0.089
1948-02-01,1948,1,-0.123
1948-03-01,1948,2,-0.178
1948-04-01,1948,3,-0.045
1948-05-01,1948,4,0.101
1948-06-01,1948,5,0.069
1948-07-01,1948,6,-0.104
1948-08-01,1948,7,-0.003
1948-09-01,1948,8,-0.056
1948-10-01,1948,9,0.022
1948-11-01,1948,10,-0.059
1948-12-01,1948,11,-0.198
1949-01-01,1949,0,0.149
1949-02-01,1949,1,-0.144
1949-03-01,1949,2,-0.175
1949-04-01,1949,3,0.004
1949-05-01,1949,4,-0.053
1949-06-01,1949,5,-0.184
1949-07-01,1949,6,-0.099
1949-08-01,1949,7,-0.042
1949-09-01,1949,8,-0.079
1949-10-01,1949,9,-0.034
1949-11-01,1949,10,-0.081
1949-12-01,1949,11,-0.19
1950-01-01,1950,0,-0.318
1950-02-01,1950,1,-0.25
1950-03-01,1950,2,-0.181
1950-04-01,1950,3,-0.173
1950-05-01,1950,4,-0.094
1950-06-01,1950,5,-0.076
1950-07-01,1950,6,-0.044
1950-08-01,1950,7,-0.12
1950-09-01,1950,8,-0.106
1950-10-01,1950,9,-0.129
1950-11-01,1950,10,-0.391
1950-12-01,1950,11,-0.25
1951-01-01,1951,0,-0.354
1951-02-01,1951,1,-0.461
1951-03-01,1951,2,-0.293
1951-04-01,1951,3,-0.108
1951-05-01,1951,4,-0.015
1951-06-01,1951,5,0.033
1951-07-01,1951,6,0.041
1951-08-01,1951,7,0.135
1951-09-01,1951,8,0.091
1951-10-01,1951,9,0.135
1951-11-01,1951,10,-0.035
1951-12-01,1951,11,0.18
1952-01-01,1952,0,0.184
1952-02-01,1952,1,0.13
1952-03-01,1952,2,-0.131
1952-04-01,1952,3,0.053
1952-05-01,1952,4,0.036
1952-06-01,1952,5,0.039
1952-07-01,1952,6,0.1
1952-08-01,1952,7,0.093
1952-09-01,1952,8,0.1
1952-10-01,1952,9,-0.007
1952-11-01,1952,10,-0.186
1952-12-01,1952,11,-0.062
1953-01-01,1953,0,0.064
1953-02-01,1953,1,0.147
1953-03-01,1953,2,0.126
1953-04-01,1953,3,0.191
1953-05-01,1953,4,0.138
1953-06-01,1953,5,0.167
1953-07-01,1953,6,0.048
1953-08-01,1953,7,0.099
1953-09-01,1953,8,0.077
1953-10-01,1953,9,0.073
1953-11-01,1953,10,-0.067
1953-12-01,1953,11,0.091
1954-01-01,1954,0,-0.237
1954-02-01,1954,1,-0.086
1954-03-01,1954,2,-0.153
1954-04-01,1954,3,-0.145
1954-05-01,1954,4,-0.205
1954-06-01,1954,5,-0.126
1954-07-01,1954,6,-0.199
1954-08-01,1954,7,-0.093
1954-09-01,1954,8,-0.086
1954-10-01,1954,9,-0.03
1954-11-01,1954,10,0.022
1954-12-01,1954,11,-0.232
1955-01-01,1955,0,0.124
1955-02-01,1955,1,-0.168
1955-03-01,1955,2,-0.405
1955-04-01,1955,3,-0.246
1955-05-01,1955,4,-0.232
1955-06-01,1955,5,-0.163
1955-07-01,1955,6,-0.199
1955-08-01,1955,7,-0.062
1955-09-01,1955,8,-0.114
1955-10-01,1955,9,-0.166
1955-11-01,1955,10,-0.316
1955-12-01,1955,11,-0.337
1956-01-01,1956,0,-0.247
1956-02-01,1956,1,-0.346
1956-03-01,1956,2,-0.315
1956-04-01,1956,3,-0.335
1956-05-01,1956,4,-0.28
1956-06-01,1956,5,-0.23
1956-07-01,1956,6,-0.206
1956-08-01,1956,7,-0.25
1956-09-01,1956,8,-0.283
1956-10-01,1956,9,-0.233
1956-11-01,1956,10,-0.262
1956-12-01,1956,11,-0.209
1957-01-01,1957,0,-0.167
1957-02-01,1957,1,-0.131
1957-03-01,1957,2,-0.188
1957-04-01,1957,3,-0.064
1957-05-01,1957,4,0.049
1957-06-01,1957,5,0.082
1957-07-01,1957,6,-0.0
1957-08-01,1957,7,0.093
1957-09-01,1957,8,0.037
1957-10-01,1957,9,-0.015
1957-11-01,1957,10,0.055
1957-12-01,1957,11,0.151
1958-01-01,1958,0,0.267
1958-02-01,1958,1,0.184
1958-03-01,1958,2,0.001
1958-04-01,1958,3,0.035
1958-05-01,1958,4,0.032
1958-06-01,1958,5,-0.015
1958-07-01,1958,6,0.041
1958-08-01,1958,7,0.004
1958-09-01,1958,8,-0.053
1958-10-01,1958,9,0.014
1958-11-01,1958,10,0.011
1958-12-01,1958,11,0.03
1959-01-01,1959,0,0.087
1959-02-01,1959,1,0.033
1959-03-01,1959,2,0.079
1959-04-01,1959,3,0.046
1959-05-01,1959,4,-0.01
1959-06-01,1959,5,0.062
1959-07-01,1959,6,0.03
1959-08-01,1959,7,0.047
1959-09-01,1959,8,0.041
1959-10-01,1959,9,-0.034
1959-11-01,1959,10,-0.111
1959-12-01,1959,11,-0.069
1960-01-01,1960,0,-0.032
1960-02-01,1960,1,0.104
1960-03-01,1960,2,-0.314
1960-04-01,1960,3,-0.176
1960-05-01,1960,4,-0.156
1960-06-01,1960,5,-0.03
1960-07-01,1960,6,-0.028
1960-08-01,1960,7,0.008
1960-09-01,1960,8,0.064
1960-10-01,1960,9,-0.027
1960-11-01,1960,10,-0.149
1960-12-01,1960,11,0.146
1961-01-01,1961,0,0.045
1961-02-01,1961,1,0.177
1961-03-01,1961,2,0.093
1961-04-01,1961,3,0.096
1961-05-01,1961,4,0.092
1961-06-01,1961,5,0.111
1961-07-01,1961,6,0.019
1961-08-01,1961,7,0.033
1961-09-01,1961,8,-0.029
1961-10-01,1961,9,-0.033
1961-11-01,1961,10,-0.018
1961-12-01,1961,11,-0.117
1962-01-01,1962,0,0.053
1962-02-01,1962,1,0.135
1962-03-01,1962,2,0.028
1962-04-01,1962,3,0.024
1962-05-01,1962,4,-0.047
1962-06-01,1962,5,-0.052
1962-07-01,1962,6,0.018
1962-08-01,1962,7,-0.005
1962-09-01,1962,8,-0.017
1962-10-01,1962,9,0.042
1962-11-01,1962,10,0.01
1962-12-01,1962,11,-0.012
1963-01-01,1963,0,-0.045
1963-02-01,1963,1,0.148
1963-03-01,1963,2,-0.147
1963-04-01,1963,3,-0.069
1963-05-01,1963,4,-0.022
1963-06-01,1963,5,-0.033
1963-07-01,1963,6,0.111
1963-08-01,1963,7,0.126
1963-09-01,1963,8,0.127
1963-10-01,1963,9,0.225
1963-11-01,1963,10,0.164
1963-12-01,1963,11,-0.006
1964-01-01,1964,0,-0.053
1964-02-01,1964,1,-0.127
1964-03-01,1964,2,-0.278
1964-04-01,1964,3,-0.246
1964-05-01,1964,4,-0.177
1964-06-01,1964,5,-0.161
1964-07-01,1964,6,-0.172
1964-08-01,1964,7,-0.256
1964-09-01,1964,8,-0.282
1964-10-01,1964,9,-0.267
1964-11-01,1964,10,-0.295
1964-12-01,1964,11,-0.353
1965-01-01,1965,0,-0.106
1965-02-01,1965,1,-0.249
1965-03-01,1965,2,-0.218
1965-04-01,1965,3,-0.255
1965-05-01,1965,4,-0.162
1965-06-01,1965,5,-0.11
1965-07-01,1965,6,-0.183
1965-08-01,1965,7,-0.106
1965-09-01,1965,8,-0.088
1965-10-01,1965,9,-0.024
1965-11-01,1965,10,-0.13
1965-12-01,1965,11,-0.065
1966-01-01,1966,0,-0.094
1966-02-01,1966,1,-0.093
1966-03-01,1966,2,-0.067
1966-04-01,1966,3,-0.105
1966-05-01,1966,4,-0.138
1966-06-01,1966,5,0.038
1966-07-01,1966,6,0.03
1966-08-01,1966,7,-0.017
1966-09-01,1966,8,-0.038
1966-10-01,1966,9,-0.104
1966-11-01,1966,10,-0.095
1966-12-01,1966,11,-0.14
1967-01-01,1967,0,-0.172
1967-02-01,1967,1,-0.237
1967-03-01,1967,2,-0.05
1967-04-01,1967,3,-0.063
1967-05-01,1967,4,0.076
1967-06-01,1967,5,-0.081
1967-07-01,1967,6,-0.063
1967-08-01,1967,7,-0.061
1967-09-01,1967,8,-0.093
1967-10-01,1967,9,0.062
1967-11-01,1967,10,-0.059
1967-12-01,1967,11,-0.147
1968-01-01,1968,0,-0.241
1968-02-01,1968,1,-0.212
1968-03-01,1968,2,0.036
1968-04-01,1968,3,-0.169
1968-05-01,1968,4,-0.218
1968-06-01,1968,5,-0.107
1968-07-01,1968,6,-0.102
1968-08-01,1968,7,-0.059
1968-09-01,1968,8,-0.086
1968-10-01,1968,9,-0.021
1968-11-01,1968,10,-0.071
1968-12-01,1968,11,-0.11
1969-01-01,1969,0,-0.172
1969-02-01,1969,1,-0.168
1969-03-01,1969,2,-0.005
1969-04-01,1969,3,0.106
1969-05-01,1969,4,0.132
1969-06-01,1969,5,0.025
1969-07-01,1969,6,0.038
1969-08-01,1969,7,0.054
1969-09-01,1969,8,0.019
1969-10-01,1969,9,0.031
1969-11-01,1969,10,0.131
1969-12-01,1969,11,0.194
1970-01-01,1970,0,0.07
1970-02-01,1970,1,0.144
1970-03-01,1970,2,-0.069
1970-04-01,1970,3,0.056
1970-05-01,1970,4,-0.036
1970-06-01,1970,5,-0.015
1970-07-01,1970,6,-0.05
1970-08-01,1970,7,-0.093
1970-09-01,1970,8,-0.04
1970-10-01,1970,9,-0.075
1970-11-01,1970,10,-0.05
1970-12-01,1970,11,-0.166
1971-01-01,1971,0,-0.102
1971-02-01,1971,1,-0.289
1971-03-01,1971,2,-0.282
1971-04-01,1971,3,-0.237
1971-05-01,1971,4,-0.214
1971-06-01,1971,5,-0.235
1971-07-01,1971,6,-0.13
1971-08-01,1971,7,-0.168
1971-09-01,1971,8,-0.124
1971-10-01,1971,9,-0.165
1971-11-01,1971,10,-0.086
1971-12-01,1971,11,-0.199
1972-01-01,1972,0,-0.379
1972-02-01,1972,1,-0.291
1972-03-01,1972,2,-0.132
1972-04-01,1972,3,-0.077
1972-05-01,1972,4,-0.065
1972-06-01,1972,5,0.008
1972-07-01,1972,6,-0.017
1972-08-01,1972,7,0.016
1972-09-01,1972,8,-0.053
1972-10-01,1972,9,0.007
1972-11-01,1972,10,0.002
1972-12-01,1972,11,0.187
1973-01-01,1973,0,0.147
1973-02-01,1973,1,0.278
1973-03-01,1973,2,0.226
1973-04-01,1973,3,0.162
1973-05-01,1973,4,0.085
1973-06-01,1973,5,0.11
1973-07-01,1973,6,0.026
1973-08-01,1973,7,0.017
1973-09-01,1973,8,-0.042
1973-10-01,1973,9,-0.047
1973-11-01,1973,10,-0.099
1973-12-01,1973,11,-0.113
1974-01-01,1974,0,-0.372
1974-02-01,1974,1,-0.41
1974-03-01,1974,2,-0.229
1974-04-01,1974,3,-0.18
1974-05-01,1974,4,-0.196
1974-06-01,1974,5,-0.153
1974-07-01,1974,6,-0.127
1974-08-01,1974,7,-0.083
1974-09-01,1974,8,-0.129
1974-10-01,1974,9,-0.22
1974-11-01,1974,10,-0.217
1974-12-01,1974,11,-0.242
1975-01-01,1975,0,-0.075
1975-02-01,1975,1,-0.093
1975-03-01,1975,2,-0.077
1975-04-01,1975,3,-0.09
1975-05-01,1975,4,-0.086
1975-06-01,1975,5,-0.086
1975-07-01,1975,6,-0.11
1975-08-01,1975,7,-0.18
1975-09-01,1975,8,-0.126
1975-10-01,1975,9,-0.234
1975-11-01,1975,10,-0.319
1975-12-01,1975,11,-0.309
1976-01-01,1976,0,-0.233
1976-02-01,1976,1,-0.329
1976-03-01,1976,2,-0.445
1976-04-01,1976,3,-0.195
1976-05-01,1976,4,-0.317
1976-06-01,1976,5,-0.25
1976-07-01,1976,6,-0.182
1976-08-01,1976,7,-0.202
1976-09-01,1976,8,-0.162
1976-10-01,1976,9,-0.316
1976-11-01,1976,10,-0.18
1976-12-01,1976,11,-0.087
1977-01-01,1977,0,-0.074
1977-02-01,1977,1,0.077
1977-03-01,1977,2,0.102
1977-04-01,1977,3,0.094
1977-05-01,1977,4,0.072
1977-06-01,1977,5,0.112
1977-07-01,1977,6,0.065
1977-08-01,1977,7,-0.001
1977-09-01,1977,8,0.033
1977-10-01,1977,9,-0.005
1977-11-01,1977,10,0.141
1977-12-01,1977,11,-0.051
1978-01-01,1978,0,0.017
1978-02-01,1978,1,-0.035
1978-03-01,1978,2,0.028
1978-04-01,1978,3,-0.061
1978-05-01,1978,4,-0.085
1978-06-01,1978,5,-0.135
1978-07-01,1978,6,-0.066
1978-08-01,1978,7,-0.185
1978-09-01,1978,8,-0.054
1978-10-01,1978,9,-0.112
1978-11-01,1978,10,0.046
1978-12-01,1978,11,-0.098
1979-01-01,1979,0,-0.029
1979-02-01,1979,1,-0.138
1979-03-01,1979,2,0.016
1979-04-01,1979,3,-0.05
1979-05-01,1979,4,-0.033
1979-06-01,1979,5,0.058
1979-07-01,1979,6,0.054
1979-08-01,1979,7,0.083
1979-09-01,1979,8,0.092
1979-10-01,1979,9,0.135
1979-11-01,1979,10,0.146
1979-12-01,1979,11,0.355
1980-01-01,1980,0,0.134
1980-02-01,1980,1,0.217
1980-03-01,1980,2,0.069
1980-04-01,1980,3,0.144
1980-05-01,1980,4,0.142
1980-06-01,1980,5,0.07
1980-07-01,1980,6,0.061
1980-08-01,1980,7,0.038
1980-09-01,1980,8,0.039
1980-10-01,1980,9,0.011
1980-11-01,1980,10,0.129
1980-12-01,1980,11,0.055
1981-01-01,1981,0,0.329
1981-02-01,1981,1,0.197
1981-03-01,1981,2,0.208
1981-04-01,1981,3,0.131
1981-05-01,1981,4,0.066
1981-06-01,1981,5,0.125
1981-07-01,1981,6,0.089
1981-08-01,1981,7,0.121
1981-09-01,1981,8,0.072
1981-10-01,1981,9,0.004
1981-11-01,1981,10,0.072
1981-12-01,1981,11,0.265
1982-01-01,1982,0,-0.045
1982-02-01,1982,1,0.006
1982-03-01,1982,2,-0.129
1982-04-01,1982,3,0.029
1982-05-01,1982,4,0.04
1982-06-01,1982,5,-0.055
1982-07-01,1982,6,-0.016
1982-08-01,1982,7,-0.009
1982-09-01,1982,8,0.075
1982-10-01,1982,9,0.006
1982-11-01,1982,10,-0.009
1982-12-01,1982,11,0.25
1983-01-01,1983,0,0.428
1983-02-01,1983,1,0.313
1983-03-01,1983,2,0.213
1983-04-01,1983,3,0.12
1983-05-01,1983,4,0.137
1983-06-01,1983,5,0.134
1983-07-01,1983,6,0.152
1983-08-01,1983,7,0.2
1983-09-01,1983,8,0.188
1983-10-01,1983,9,0.099
1983-11-01,1983,10,0.256
1983-12-01,1983,11,0.089
1984-01-01,1984,0,0.118
1984-02-01,1984,1,0.013
1984-03-01,1984,2,0.049
1984-04-01,1984,3,-0.046
1984-05-01,1984,4,0.092
1984-06-01,1984,5,-0.015
1984-07-01,1984,6,-0.037
1984-08-01,1984,7,0.041
1984-09-01,1984,8,0.033
1984-10-01,1984,9,-0.022
1984-11-01,1984,10,-0.121
1984-12-01,1984,11,-0.274
1985-01-01,1985,0,0.011
1985-02-01,1985,1,-0.133
1985-03-01,1985,2,-0.026
1985-04-01,1985,3,-0.04
1985-05-01,1985,4,-0.003
1985-06-01,1985,5,-0.061
1985-07-01,1985,6,-0.06
1985-08-01,1985,7,0.026
1985-09-01,1985,8,-0.032
1985-10-01,1985,9,0.018
1985-11-01,1985,10,-0.072
1985-12-01,1985,11,0.014
1986-01-01,1986,0,0.124
1986-02-01,1986,1,0.09
1986-03-01,1986,2,0.075
1986-04-01,1986,3,0.078
1986-05-01,1986,4,0.045
1986-06-01,1986,5,0.049
1986-07-01,1986,6,-0.002
1986-08-01,1986,7,0.002
1986-09-01,1986,8,0.011
1986-10-01,1986,9,0.066
1986-11-01,1986,10,-0.007
1986-12-01,1986,11,0.01
1987-01-01,1987,0,0.112
1987-02-01,1987,1,0.302
1987-03-01,1987,2,0.022
1987-04-01,1987,3,0.095
1987-05-01,1987,4,0.148
1987-06-01,1987,5,0.127
1987-07-01,1987,6,0.269
1987-08-01,1987,7,0.237
1987-09-01,1987,8,0.274
1987-10-01,1987,9,0.204
1987-11-01,1987,10,0.197
1987-12-01,1987,11,0.322
1988-01-01,1988,0,0.388
1988-02-01,1988,1,0.233
1988-03-01,1988,2,0.262
1988-04-01,1988,3,0.225
1988-05-01,1988,4,0.211
1988-06-01,1988,5,0.221
1988-07-01,1988,6,0.173
1988-08-01,1988,7,0.176
1988-09-01,1988,8,0.183
1988-10-01,1988,9,0.139
1988-11-01,1988,10,0.027
1988-12-01,1988,11,0.146
1989-01-01,1989,0,0.012
1989-02-01,1989,1,0.149
1989-03-01,1989,2,0.136
1989-04-01,1989,3,0.081
1989-05-01,1989,4,0.079
1989-06-01,1989,5,0.074
1989-07-01,1989,6,0.156
1989-08-01,1989,7,0.177
1989-09-01,1989,8,0.142
1989-10-01,1989,9,0.151
1989-11-01,1989,10,0.06
1989-12-01,1989,11,0.201
1990-01-01,1990,0,0.217
1990-02-01,1990,1,0.307
1990-03-01,1990,2,0.562
1990-04-01,1990,3,0.366
1990-05-01,1990,4,0.278
1990-06-01,1990,5,0.277
1990-07-01,1990,6,0.231
1990-08-01,1990,7,0.25
1990-09-01,1990,8,0.178
1990-10-01,1990,9,0.332
1990-11-01,1990,10,0.318
1990-12-01,1990,11,0.248
1991-01-01,1991,0,0.288
1991-02-01,1991,1,0.298
1991-03-01,1991,2,0.198
1991-04-01,1991,3,0.383
1991-05-01,1991,4,0.303
1991-06-01,1991,5,0.306
1991-07-01,1991,6,0.307
1991-08-01,1991,7,0.258
1991-09-01,1991,8,0.243
1991-10-01,1991,9,0.191
1991-11-01,1991,10,0.16
1991-12-01,1991,11,0.12
1992-01-01,1992,0,0.367
1992-02-01,1992,1,0.319
1992-03-01,1992,2,0.258
1992-04-01,1992,3,0.137
1992-05-01,1992,4,0.173
1992-06-01,1992,5,0.13
1992-07-01,1992,6,-0.016
1992-08-01,1992,7,0.007
1992-09-01,1992,8,-0.064
1992-10-01,1992,9,-0.048
1992-11-01,1992,10,-0.084
1992-12-01,1992,11,0.082
1993-01-01,1993,0,0.307
1993-02-01,1993,1,0.253
1993-03-01,1993,2,0.239
1993-04-01,1993,3,0.131
1993-05-01,1993,4,0.178
1993-06-01,1993,5,0.179
1993-07-01,1993,6,0.131
1993-08-01,1993,7,0.097
1993-09-01,1993,8,0.07
1993-10-01,1993,9,0.109
1993-11-01,1993,10,-0.036
1993-12-01,1993,11,0.129
1994-01-01,1994,0,0.182
1994-02-01,1994,1,-0.048
1994-03-01,1994,2,0.222
1994-04-01,1994,3,0.21
1994-05-01,1994,4,0.268
1994-06-01,1994,5,0.262
1994-07-01,1994,6,0.17
1994-08-01,1994,7,0.186
1994-09-01,1994,8,0.19
1994-10-01,1994,9,0.311
1994-11-01,1994,10,0.314
1994-12-01,1994,11,0.246
1995-01-01,1995,0,0.421
1995-02-01,1995,1,0.601
1995-03-01,1995,2,0.322
1995-04-01,1995,3,0.285
1995-05-01,1995,4,0.218
1995-06-01,1995,5,0.312
1995-07-01,1995,6,0.331
1995-08-01,1995,7,0.357
1995-09-01,1995,8,0.263
1995-10-01,1995,9,0.336
1995-11-01,1995,10,0.324
1995-12-01,1995,11,0.132
1996-01-01,1996,0,0.116
1996-02-01,1996,1,0.323
1996-03-01,1996,2,0.186
1996-04-01,1996,3,0.13
1996-05-01,1996,4,0.224
1996-06-01,1996,5,0.168
1996-07-01,1996,6,0.221
1996-08-01,1996,7,0.207
1996-09-01,1996,8,0.104
1996-10-01,1996,9,0.132
1996-11-01,1996,10,0.146
1996-12-01,1996,11,0.232
1997-01-01,1997,0,0.211
1997-02-01,1997,1,0.313
1997-03-01,1997,2,0.344
1997-04-01,1997,3,0.266
1997-05-01,1997,4,0.286
1997-06-01,1997,5,0.411
1997-07-01,1997,6,0.373
1997-08-01,1997,7,0.44
1997-09-01,1997,8,0.479
1997-10-01,1997,9,0.558
1997-11-01,1997,10,0.501
1997-12-01,1997,11,0.503
1998-01-01,1998,0,0.489
1998-02-01,1998,1,0.763
1998-03-01,1998,2,0.549
1998-04-01,1998,3,0.65
1998-05-01,1998,4,0.582
1998-06-01,1998,5,0.591
1998-07-01,1998,6,0.673
1998-08-01,1998,7,0.605
1998-09-01,1998,8,0.4
1998-10-01,1998,9,0.407
1998-11-01,1998,10,0.298
1998-12-01,1998,11,0.472
1999-01-01,1999,0,0.347
1999-02-01,1999,1,0.583
1999-03-01,1999,2,0.226
1999-04-01,1999,3,0.324
1999-05-01,1999,4,0.245
1999-06-01,1999,5,0.273
1999-07-01,1999,6,0.288
1999-08-01,1999,7,0.228
1999-09-01,1999,8,0.305
1999-10-01,1999,9,0.253
1999-11-01,1999,10,0.241
1999-12-01,1999,11,0.37
2000-01-01,2000,0,0.224
2000-02-01,2000,1,0.449
2000-03-01,2000,2,0.382
2000-04-01,2000,3,0.479
2000-05-01,2000,4,0.279
2000-06-01,2000,5,0.27
2000-07-01,2000,6,0.261
2000-08-01,2000,7,0.353
2000-09-01,2000,8,0.312
2000-10-01,2000,9,0.225
2000-11-01,2000,10,0.16
2000-12-01,2000,11,0.157
2001-01-01,2001,0,0.357
2001-02-01,2001,1,0.319
2001-03-01,2001,2,0.51
2001-04-01,2001,3,0.462
2001-05-01,2001,4,0.418
2001-06-01,2001,5,0.419
2001-07-01,2001,6,0.464
2001-08-01,2001,7,0.505
2001-09-01,2001,8,0.431
2001-10-01,2001,9,0.421
2001-11-01,2001,10,0.613
2001-12-01,2001,11,0.383
2002-01-01,2002,0,0.654
2002-02-01,2002,1,0.703
2002-03-01,2002,2,0.701
2002-04-01,2002,3,0.46
2002-05-01,2002,4,0.427
2002-06-01,2002,5,0.471
2002-07-01,2002,6,0.491
2002-08-01,2002,7,0.453
2002-09-01,2002,8,0.424
2002-10-01,2002,9,0.411
2002-11-01,2002,10,0.45
2002-12-01,2002,11,0.325
2003-01-01,2003,0,0.6
2003-02-01,2003,1,0.459
2003-03-01,2003,2,0.45
2003-04-01,2003,3,0.437
2003-05-01,2003,4,0.473
2003-06-01,2003,5,0.454
2003-07-01,2003,6,0.475
2003-08-01,2003,7,0.549
2003-09-01,2003,8,0.536
2003-10-01,2003,9,0.612
2003-11-01,2003,10,0.457
2003-12-01,2003,11,0.589
2004-01-01,2004,0,0.507
2004-02-01,2004,1,0.613
2004-03-01,2004,2,0.532
2004-04-01,2004,3,0.477
2004-05-01,2004,4,0.311
2004-06-01,2004,5,0.322
2004-07-01,2004,6,0.359
2004-08-01,2004,7,0.394
2004-09-01,2004,8,0.438
2004-10-01,2004,9,0.464
2004-11-01,2004,10,0.604
2004-12-01,2004,11,0.355
2005-01-01,2005,0,0.549
2005-02-01,2005,1,0.396
2005-03-01,2005,2,0.565
2005-04-01,2005,3,0.611
2005-05-01,2005,4,0.518
2005-06-01,2005,5,0.552
2005-07-01,2005,6,0.547
2005-08-01,2005,7,0.538
2005-09-01,2005,8,0.574
2005-10-01,2005,9,0.614
2005-11-01,2005,10,0.627
2005-12-01,2005,11,0.462
2006-01-01,2006,0,0.383
2006-02-01,2006,1,0.571
2006-03-01,2006,2,0.461
2006-04-01,2006,3,0.407
2006-05-01,2006,4,0.405
2006-06-01,2006,5,0.518
2006-07-01,2006,6,0.486
2006-08-01,2006,7,0.535
2006-09-01,2006,8,0.503
2006-10-01,2006,9,0.569
2006-11-01,2006,10,0.54
2006-12-01,2006,11,0.691
2007-01-01,2007,0,0.828
2007-02-01,2007,1,0.567
2007-03-01,2007,2,0.517
2007-04-01,2007,3,0.587
2007-05-01,2007,4,0.448
2007-06-01,2007,5,0.42
2007-07-01,2007,6,0.439
2007-08-01,2007,7,0.44
2007-09-01,2007,8,0.455
2007-10-01,2007,9,0.467
2007-11-01,2007,10,0.391
2007-12-01,2007,11,0.341
2008-01-01,2008,0,0.158
2008-02-01,2008,1,0.235
2008-03-01,2008,2,0.559
2008-04-01,2008,3,0.327
2008-05-01,2008,4,0.34
2008-06-01,2008,5,0.365
2008-07-01,2008,6,0.451
2008-08-01,2008,7,0.432
2008-09-01,2008,8,0.407
2008-10-01,2008,9,0.546
2008-11-01,2008,10,0.526
2008-12-01,2008,11,0.395
2009-01-01,2009,0,0.478
2009-02-01,2009,1,0.443
2009-03-01,2009,2,0.404
2009-04-01,2009,3,0.511
2009-05-01,2009,4,0.441
2009-06-01,2009,5,0.546
2009-07-01,2009,6,0.536
2009-08-01,2009,7,0.586
2009-09-01,2009,8,0.567
2009-10-01,2009,9,0.516
2009-11-01,2009,10,0.55
2009-12-01,2009,11,0.484
2010-01-01,2010,0,0.56
2010-02-01,2010,1,0.592
2010-03-01,2010,2,0.682
2010-04-01,2010,3,0.689
2010-05-01,2010,4,0.592
2010-06-01,2010,5,0.585
2010-07-01,2010,6,0.615
2010-08-01,2010,7,0.539
2010-09-01,2010,8,0.448
2010-10-01,2010,9,0.497
2010-11-01,2010,10,0.592
2010-12-01,2010,11,0.334
2011-01-01,2011,0,0.315
2011-02-01,2011,1,0.324
2011-03-01,2011,2,0.42
2011-04-01,2011,3,0.491
2011-05-01,2011,4,0.393
2011-06-01,2011,5,0.494
2011-07-01,2011,6,0.511
2011-08-01,2011,7,0.491
2011-09-01,2011,8,0.446
2011-10-01,2011,9,0.458
2011-11-01,2011,10,0.353
2011-12-01,2011,11,0.402
2012-01-01,2012,0,0.31
2012-02-01,2012,1,0.301
2012-03-01,2012,2,0.36
2012-04-01,2012,3,0.574
2012-05-01,2012,4,0.573
2012-06-01,2012,5,0.556
2012-07-01,2012,6,0.507
2012-08-01,2012,7,0.536
2012-09-01,2012,8,0.556
2012-10-01,2012,9,0.556
2012-11-01,2012,10,0.55
2012-12-01,2012,11,0.271
2013-01-01,2013,0,0.471
2013-02-01,2013,1,0.498
2013-03-01,2013,2,0.421
2013-04-01,2013,3,0.45
2013-05-01,2013,4,0.525
2013-06-01,2013,5,0.501
2013-07-01,2013,6,0.518
2013-08-01,2013,7,0.541
2013-09-01,2013,8,0.546
2013-10-01,2013,9,0.516
2013-11-01,2013,10,0.66
2013-12-01,2013,11,0.532
2014-01-01,2014,0,0.534
2014-02-01,2014,1,0.327
2014-03-01,2014,2,0.584
2014-04-01,2014,3,0.667
2014-05-01,2014,4,0.608
2014-06-01,2014,5,0.625
2014-07-01,2014,6,0.544
2014-08-01,2014,7,0.677
2014-09-01,2014,8,0.601
2014-10-01,2014,9,0.635
2014-11-01,2014,10,0.504
2014-12-01,2014,11,0.655
2015-01-01,2015,0,0.705
2015-02-01,2015,1,0.689
2015-03-01,2015,2,0.708
2015-04-01,2015,3,0.673
2015-05-01,2015,4,0.711
2015-06-01,2015,5,0.743
2015-07-01,2015,6,0.697
2015-08-01,2015,7,0.74
2015-09-01,2015,8,0.796
2015-10-01,2015,9,0.845
2015-11-01,2015,10,0.84
2015-12-01,2015,11,1.024
2016-01-01,2016,0,0.934
2016-02-01,2016,1,1.111
2016-03-01,2016,2,1.106
2016-04-01,2016,3,0.937
2016-05-01,2016,4,0.707
2016-06-01,2016,5,0.744
2016-07-01,2016,6,0.744
2016-08-01,2016,7,0.79
2016-09-01,2016,8,0.729
2016-10-01,2016,9,0.598
2016-11-01,2016,10,0.553
2016-12-01,2016,11,0.62
2017-01-01,2017,0,0.739
2017-02-01,2017,1,0.845
2017-03-01,2017,2,0.873
2017-04-01,2017,3,0.737
2017-05-01,2017,4,0.659
2017-06-01,2017,5,0.641
2017-07-01,2017,6,0.651
2017-08-01,2017,7,0.714
2017-09-01,2017,8,0.557
2017-10-01,2017,9,0.571
2017-11-01,2017,10,0.554
2017-12-01,2017,11,0.6
2018-01-01,2018,0,0.554
2018-02-01,2018,1,0.528
2018-03-01,2018,2,0.615
2018-04-01,2018,3,0.627
2018-05-01,2018,4,0.587
2018-06-01,2018,5,0.573
2018-07-01,2018,6,0.594
2018-08-01,2018,7,0.586
2018-09-01,2018,8,0.598
2018-10-01,2018,9,0.678
2018-11-01,2018,10,0.59
2018-12-01,2018,11,0.638
2019-01-01,2019,0,0.738
2019-02-01,2019,1,0.662
2019-03-01,2019,2,0.874
2019-04-01,2019,3,0.78
2019-05-01,2019,4,0.61
2019-06-01,2019,5,0.708
2019-07-01,2019,6,0.706
2019-08-01,2019,7,0.719
2019-09-01,2019,8,0.713
2019-10-01,2019,9,0.752
2019-11-01,2019,10,0.693
2019-12-01,2019,11,0.88
2020-01-01,2020,0,0.982
2020-02-01,2020,1,1.001
2020-03-01,2020,2,1.017
2020-04-01,2020,3,0.8
2020-05-01,2020,4,0.714
2020-06-01,2020,5,0.682
2020-07-01,2020,6,0.695
2020-08-01,2020,7,0.735
2020-09-01,2020,8,0.714
2020-10-01,2020,9,0.617
2020-11-01,2020,10,0.761
2020-12-01,2020,11,0.516
2021-01-01,2021,0,0.538
2021-02-01,2021,1,0.492
2021-03-01,2021,2,0.634
2021-04-01,2021,3,0.598
2021-05-01,2021,4,0.627
2021-06-01,2021,5,0.672
2021-07-01,2021,6,0.725
2021-08-01,2021,7,0.711
2021-09-01,2021,8,0.681
2021-10-01,2021,9,0.729
2021-11-01,2021,10,0.711
2021-12-01,2021,11,0.651
